date,open,high,low,close,volume,trading_value_billion,market_pe,daily_change_pts,daily_change_pct,volume_ma20,value_ma20
2023-01-03,1075.54,1082.27,1073.52,1077.98,681166930,15223.1,12.49,,,681166930.0,15223.1
2023-01-04,1070.87,1084.92,1063.21,1076.0,845171760,21362.57,12.63,-1.98,-0.18,763169345.0,18292.84
2023-01-05,1085.8,1088.71,1076.69,1082.54,793015128,21538.98,12.54,6.54,0.61,773117939.0,19374.88
2023-01-06,1088.82,1092.65,1084.23,1089.62,760378609,20054.2,12.77,7.08,0.65,769933107.0,19544.71
2023-01-09,1082.19,1084.36,1077.4,1080.88,799769713,19173.33,12.91,-8.74,-0.8,775900428.0,19470.44
2023-01-10,1080.38,1091.42,1070.85,1082.69,729066184,17247.94,12.3,1.81,0.17,768094721.0,19100.02
2023-01-11,1099.95,1103.97,1088.54,1095.36,856086312,23102.0,12.52,12.67,1.17,780664948.0,19671.73
2023-01-12,1091.05,1097.72,1081.96,1092.28,726259824,19149.39,12.74,-3.08,-0.28,773864308.0,19606.44
2023-01-13,1088.66,1094.51,1076.62,1086.63,765954606,17897.82,12.57,-5.65,-0.52,772985452.0,19416.59
2023-01-16,1094.99,1099.96,1085.44,1094.47,781301902,20717.72,12.96,7.84,0.72,773817097.0,19546.7
2023-01-17,1090.82,1095.31,1087.31,1090.19,779895478,18141.06,12.82,-4.28,-0.39,774369677.0,19418.92
2023-01-18,1094.4,1101.75,1082.58,1091.91,691123687,16518.77,12.83,1.72,0.16,767432511.0,19177.24
2023-01-19,1097.81,1103.86,1093.04,1097.88,880232920,20107.54,12.89,5.97,0.55,776109466.0,19248.8
2023-01-20,1081.86,1094.14,1078.58,1086.66,976552762,26438.94,12.79,-11.22,-1.02,790426844.0,19762.38
2023-01-23,1089.09,1095.58,1080.7,1089.49,967437306,26255.3,12.67,2.83,0.26,802227541.0,20195.24
2023-01-24,1104.21,1107.64,1091.22,1098.15,1048980395,25379.57,12.98,8.66,0.79,817649595.0,20519.26
2023-01-25,1094.18,1100.29,1092.62,1097.11,770712960,19233.66,12.63,-1.04,-0.09,814888616.0,20443.64
2023-01-26,1109.19,1115.39,1098.05,1106.72,737143342,18051.47,13.01,9.61,0.88,810569434.0,20310.74
2023-01-27,1100.12,1104.21,1096.76,1101.01,844453732,21274.52,13.05,-5.71,-0.52,812352818.0,20361.47
2023-01-30,1095.03,1104.46,1090.85,1099.6,804438135,22108.22,12.9,-1.41,-0.13,811957084.0,20448.8
2023-01-31,1121.62,1125.79,1113.89,1118.45,889520741,20573.07,13.23,18.85,1.71,822374775.0,20716.3
2023-02-01,1109.4,1112.85,1105.37,1109.88,989930118,24178.25,12.7,-8.57,-0.77,829612693.0,20857.09
2023-02-02,1112.07,1119.59,1108.7,1113.19,771269032,19699.75,13.04,3.31,0.3,828525388.0,20765.13
2023-02-03,1106.55,1109.68,1101.22,1105.76,881609973,20471.73,13.03,-7.43,-0.67,834586956.0,20786.0
2023-02-06,1111.73,1118.1,1109.46,1112.55,851509596,21790.22,13.22,6.79,0.61,837173950.0,20916.85
2023-02-07,1118.69,1121.4,1114.0,1117.97,916807531,22172.54,13.28,5.42,0.49,846561018.0,21163.08
2023-02-08,1114.67,1118.07,1105.11,1111.86,928525696,22579.73,12.95,-6.11,-0.55,850182987.0,21136.96
2023-02-09,1121.26,1134.43,1113.99,1122.45,1011926702,23754.32,13.06,10.59,0.95,864466331.0,21367.21
2023-02-10,1117.01,1125.19,1109.99,1118.01,927603050,24303.04,13.23,-4.44,-0.4,872548753.0,21687.47
2023-02-13,1124.16,1126.71,1117.04,1121.25,887742154,19640.04,13.5,3.24,0.29,877870766.0,21633.59
2023-02-14,1118.97,1126.09,1115.05,1120.75,931963432,25549.04,13.26,-0.5,-0.04,885474163.0,22003.99
2023-02-15,1133.35,1142.04,1131.02,1136.8,791434618,19823.84,13.65,16.05,1.43,890489710.0,22169.24
2023-02-16,1124.11,1136.83,1120.8,1126.92,945601422,23926.4,13.54,-9.88,-0.87,893758135.0,22360.18
2023-02-17,1118.85,1127.94,1111.37,1121.93,958930588,21344.18,12.95,-4.99,-0.44,892877026.0,22105.44
2023-02-20,1136.09,1139.71,1131.45,1134.46,882244448,20810.22,13.32,12.53,1.12,888617383.0,21833.19
2023-02-21,1124.82,1130.19,1118.53,1123.42,1100394168,29878.52,13.29,-11.04,-0.97,891188072.0,22058.14
2023-02-22,1132.07,1139.82,1127.76,1133.19,890356791,22018.54,13.52,9.77,0.87,897170263.0,22197.38
2023-02-23,1116.4,1127.91,1112.27,1121.35,953107171,23565.77,13.25,-11.84,-1.04,907968455.0,22473.1
2023-02-24,1129.61,1134.03,1119.69,1126.27,991414208,23295.06,13.53,4.92,0.44,915316479.0,22574.12
2023-02-27,1140.25,1143.19,1131.4,1136.52,837163805,20912.73,13.53,10.25,0.91,916952762.0,22514.35
2023-02-28,1142.75,1152.03,1129.11,1140.84,1011101352,23632.65,13.71,4.32,0.38,923031793.0,22667.33
2023-03-01,1140.37,1143.78,1129.2,1138.48,1011326336,22438.0,13.62,-2.36,-0.21,924101604.0,22580.32
2023-03-02,1140.82,1144.71,1126.83,1137.76,943925533,25241.73,13.69,-0.72,-0.06,932734429.0,22857.42
2023-03-03,1130.35,1145.63,1125.99,1137.63,835700572,18939.58,13.66,-0.13,-0.01,930438959.0,22780.81
2023-03-06,1133.06,1135.87,1128.17,1131.5,933966949,23318.54,13.41,-6.13,-0.54,934561826.0,22857.22
2023-03-07,1139.95,1144.63,1127.2,1136.97,841541911,18626.86,13.66,5.47,0.48,930798545.0,22679.94
2023-03-08,1136.61,1145.38,1127.2,1139.4,908476592,22384.24,13.82,2.43,0.21,929796090.0,22670.16
2023-03-09,1152.32,1159.3,1138.72,1149.34,815452668,21248.01,13.52,9.94,0.87,919972388.0,22544.85
2023-03-10,1144.4,1149.34,1141.47,1145.87,869583459,19332.16,13.61,-3.47,-0.3,917071409.0,22296.31
2023-03-13,1134.19,1138.65,1130.81,1134.0,863962793,23521.2,13.62,-11.87,-1.04,915882441.0,22490.36
2023-03-14,1149.41,1153.33,1138.95,1147.26,945124494,23981.36,13.85,13.26,1.17,916540494.0,22411.98
2023-03-15,1147.57,1149.83,1140.18,1143.71,1041701195,25854.8,13.93,-3.55,-0.31,929053823.0,22713.53
2023-03-16,1141.13,1146.31,1138.78,1142.63,896373012,20005.37,13.85,-1.08,-0.09,926592402.0,22517.48
2023-03-17,1158.75,1164.17,1137.46,1150.99,916303789,23979.96,13.64,8.36,0.73,924461062.0,22649.26
2023-03-20,1149.31,1160.14,1143.87,1154.1,961003367,24276.07,13.64,3.11,0.27,928399008.0,22822.56
2023-03-21,1149.76,1159.13,1144.51,1154.06,986626858,24694.99,14.03,-0.04,-0.0,922710643.0,22563.38
2023-03-22,1142.99,1147.56,1140.47,1143.96,938659589,21068.92,13.96,-10.1,-0.88,925125783.0,22515.9
2023-03-23,1150.6,1153.13,1144.38,1147.63,660795311,16690.53,13.62,3.67,0.32,910510190.0,22172.14
2023-03-24,1151.49,1160.0,1141.52,1151.92,983714272,25956.13,13.78,4.29,0.37,910125193.0,22305.19
2023-03-27,1158.68,1166.3,1145.99,1156.2,974725590,25090.19,14.03,4.28,0.37,917003282.0,22514.06
2023-03-28,1152.99,1157.01,1142.19,1147.85,918490038,21899.7,13.78,-8.35,-0.72,912372716.0,22427.42
2023-03-29,1151.17,1156.28,1139.29,1149.95,910927571,21478.5,13.8,2.1,0.18,907352778.0,22379.44
2023-03-30,1143.02,1155.22,1136.28,1144.72,977549722,25698.95,14.03,-5.23,-0.45,909033988.0,22402.3
2023-03-31,1147.28,1149.27,1140.31,1144.45,1019360428,27651.33,13.48,-0.27,-0.02,918216980.0,22837.89
2023-04-03,1154.55,1162.05,1152.17,1156.73,1005071492,22483.88,13.76,12.28,1.07,921772208.0,22796.16
2023-04-04,1155.41,1166.71,1152.08,1160.18,944900251,20915.58,13.89,3.45,0.3,926940125.0,22910.59
2023-04-05,1152.58,1154.72,1148.39,1151.77,867283318,20385.45,14.11,-8.41,-0.72,924880461.0,22810.65
2023-04-06,1154.25,1168.13,1148.35,1158.34,959577748,22275.86,14.09,6.57,0.57,932086715.0,22862.05
2023-04-07,1153.43,1158.94,1150.27,1154.57,955515305,23227.14,13.86,-3.77,-0.33,936383307.0,23056.8
2023-04-10,1152.91,1155.77,1142.11,1148.57,970972125,22589.42,13.74,-6.0,-0.52,941733774.0,23010.21
2023-04-11,1152.81,1157.66,1149.28,1154.61,888045082,24265.89,14.04,6.04,0.53,938879803.0,23024.43
2023-04-12,1163.66,1167.51,1156.09,1161.64,926726961,23579.84,14.09,7.03,0.61,933131091.0,22910.68
2023-04-13,1151.28,1154.81,1146.59,1152.13,877913780,19880.53,14.05,-9.51,-0.82,932208130.0,22904.44
2023-04-14,1160.48,1166.37,1157.71,1161.63,820835951,20685.76,14.0,9.5,0.82,927434738.0,22739.73
2023-04-17,1137.06,1142.74,1131.96,1136.38,838783400,21221.31,13.2,-25.25,-2.17,921323740.0,22587.0
2023-04-18,1158.7,1163.0,1150.05,1156.86,867760270,19591.52,13.83,20.48,1.8,915380410.0,22331.82
2023-04-19,1153.85,1159.09,1148.63,1152.24,984559833,24690.86,13.97,-4.62,-0.4,917675422.0,22512.92
2023-04-20,1147.88,1152.55,1146.3,1149.67,837219645,18780.66,13.78,-2.57,-0.22,926496639.0,22617.42
2023-04-21,1151.94,1156.1,1145.33,1151.73,807405955,18506.68,13.91,2.06,0.18,917681223.0,22244.95
2023-04-24,1136.29,1143.36,1134.31,1138.94,992289877,26583.77,13.66,-12.79,-1.11,918559438.0,22319.63
2023-04-25,1154.01,1159.49,1141.87,1149.19,946846050,23186.13,13.81,10.25,0.9,919977238.0,22383.95
2023-04-26,1147.31,1160.27,1143.01,1152.26,752949876,19835.22,13.76,3.07,0.27,912078353.0,22301.79
2023-04-27,1160.52,1166.51,1150.26,1158.56,832442740,19227.33,13.96,6.3,0.55,904823004.0,21978.21
2023-04-28,1144.72,1151.57,1140.95,1146.13,910524419,23673.12,13.71,-12.43,-1.07,899381204.0,21779.3
2023-05-01,1142.95,1151.97,1136.35,1143.9,834953775,20383.21,13.85,-2.23,-0.19,890875318.0,21674.26
2023-05-02,1148.57,1153.56,1134.35,1145.21,680043911,17176.5,13.63,1.31,0.11,877632501.0,21487.31
2023-05-03,1153.05,1160.76,1142.46,1153.16,754250124,19563.01,13.91,7.95,0.69,871980841.0,21446.19
2023-05-04,1153.11,1156.4,1141.27,1149.05,823753876,20352.92,13.74,-4.11,-0.36,865189648.0,21350.04
2023-05-05,1144.19,1149.72,1138.46,1143.27,883252685,20225.94,13.42,-5.78,-0.5,861576517.0,21199.98
2023-05-08,1151.77,1157.11,1143.96,1148.88,873424686,19844.04,13.67,5.61,0.49,856699145.0,21062.71
2023-05-09,1141.95,1155.51,1137.57,1145.69,784369752,18709.98,13.53,-3.19,-0.28,851515378.0,20784.92
2023-05-10,1151.99,1158.9,1142.81,1150.21,704538595,16149.37,13.88,4.52,0.39,840405960.0,20413.39
2023-05-11,1139.42,1143.59,1135.49,1139.44,795526016,20062.73,13.68,-10.77,-0.94,836286572.0,20422.5
2023-05-12,1139.33,1148.23,1134.28,1140.91,762186941,20694.39,13.54,1.47,0.13,833354121.0,20422.93
2023-05-15,1140.8,1142.21,1136.31,1139.71,757942660,16848.04,13.32,-1.2,-0.11,829312084.0,20204.27
2023-05-16,1128.99,1138.37,1126.6,1132.45,756133130,20244.37,13.56,-7.26,-0.64,823730727.0,20236.91
2023-05-17,1143.51,1148.72,1135.69,1142.14,826979796,19111.66,13.5,9.69,0.86,815851725.0,19957.95
2023-05-18,1145.47,1152.02,1135.49,1141.04,817524578,18782.07,13.62,-1.1,-0.1,814866972.0,19958.02
2023-05-19,1140.6,1148.93,1127.58,1138.59,917323613,24564.99,13.59,-2.45,-0.21,820362855.0,20260.94
2023-05-22,1135.31,1140.89,1126.45,1136.21,632318020,16202.43,13.66,-2.38,-0.21,802364262.0,19741.87
2023-05-23,1130.46,1134.92,1123.92,1128.15,706755339,18933.37,13.47,-8.06,-0.71,790359727.0,19529.23
2023-05-24,1137.02,1142.42,1122.65,1133.12,570581466,14647.83,13.36,4.97,0.44,781241306.0,19269.86
2023-05-25,1131.6,1143.42,1121.48,1132.57,686887332,17168.54,13.51,-0.55,-0.05,773963536.0,19166.93
2023-05-26,1128.36,1131.62,1125.82,1128.77,621662962,15210.73,13.66,-3.8,-0.34,759520463.0,18743.81
2023-05-29,1129.67,1136.01,1127.63,1131.54,817485428,20770.01,13.63,2.77,0.25,758647046.0,18763.15
2023-05-30,1132.79,1139.81,1125.45,1133.85,643503812,15364.85,13.51,2.31,0.2,756820041.0,18672.56
2023-05-31,1141.45,1147.13,1135.29,1141.63,784382263,20763.71,13.74,7.78,0.69,758326648.0,18732.6
2023-06-01,1130.21,1141.54,1124.94,1130.22,647307503,17541.19,13.51,-11.41,-1.0,749504329.0,18592.01
2023-06-02,1128.43,1134.47,1126.3,1129.56,526059366,12397.54,13.43,-0.66,-0.06,731644663.0,18200.59
2023-06-05,1125.56,1133.12,1120.79,1126.4,776729198,18252.69,13.5,-3.16,-0.28,726809888.0,18121.02
2023-06-06,1114.99,1118.54,1109.46,1114.14,658174630,17046.56,12.98,-12.26,-1.09,720500132.0,18037.85
2023-06-07,1126.84,1128.5,1121.02,1124.28,755825948,18915.49,13.34,10.14,0.91,723064500.0,18176.16
2023-06-08,1123.67,1127.5,1118.77,1123.57,642347489,14937.43,13.34,-0.71,-0.06,715405574.0,17919.89
2023-06-09,1139.06,1141.91,1132.3,1136.74,610942683,14236.67,13.68,13.17,1.17,707843361.0,17597.01
2023-06-12,1116.84,1126.84,1108.52,1119.54,573749171,14591.14,13.31,-17.2,-1.51,698633686.0,17484.16
2023-06-13,1123.93,1128.13,1116.39,1121.22,594095646,13382.85,13.37,1.68,0.15,690531812.0,17141.09
2023-06-14,1118.16,1121.7,1114.21,1117.91,572762489,14473.49,13.04,-3.31,-0.3,677820947.0,16909.18
2023-06-15,1113.69,1119.15,1104.9,1109.8,497597261,12911.05,12.81,-8.11,-0.73,661824581.0,16615.63
2023-06-16,1120.98,1133.64,1116.48,1122.34,653203173,15355.42,13.56,12.54,1.13,648618559.0,16155.15
2023-06-19,1116.08,1121.27,1113.69,1118.67,515018056,12335.96,13.15,-3.67,-0.33,642753561.0,15961.83
2023-06-20,1119.34,1121.35,1115.05,1117.55,617342373,16569.74,13.0,-1.12,-0.1,638282912.0,15843.64
2023-06-21,1105.13,1114.1,1099.16,1106.0,649966597,16911.21,13.33,-11.55,-1.03,642252169.0,15956.81
2023-06-22,1120.32,1122.85,1111.61,1118.5,633367418,14634.04,13.11,12.5,1.13,639576173.0,15830.09
2023-06-23,1101.13,1105.18,1093.49,1100.3,691465335,18237.38,12.75,-18.2,-1.63,643066292.0,15981.42
2023-06-26,1106.69,1118.71,1101.74,1110.85,679651855,16899.73,13.14,10.55,0.96,636174613.0,15787.91
2023-06-27,1113.87,1124.35,1109.86,1119.08,619348362,16039.94,13.35,8.23,0.74,634966841.0,15821.66
2023-06-28,1098.16,1101.58,1095.73,1098.6,428788415,10369.56,12.98,-20.48,-1.83,617187148.0,15301.95
2023-06-29,1103.34,1106.69,1093.21,1099.74,592618329,15812.74,12.93,1.14,0.1,614452690.0,15215.53
2023-06-30,1105.65,1108.64,1098.99,1102.33,643066217,17217.66,12.93,2.59,0.24,620303032.0,15456.54
2023-07-03,1094.28,1108.32,1089.64,1097.3,471733787,12181.22,12.83,-5.03,-0.46,605053262.0,15152.96
2023-07-04,1093.08,1097.42,1083.25,1089.6,562194943,14242.87,12.87,-7.7,-0.7,600254277.0,15012.78
2023-07-05,1095.87,1104.44,1089.16,1097.9,532096783,11905.64,12.75,8.3,0.76,589067819.0,14662.29
2023-07-06,1088.81,1092.16,1085.03,1089.69,554039682,13139.04,12.83,-8.21,-0.75,584652429.0,14572.37
2023-07-07,1099.33,1104.04,1092.7,1097.49,600945819,15369.85,12.69,7.8,0.72,584152586.0,14629.03
2023-07-10,1086.31,1090.58,1082.44,1087.71,567901022,15566.3,12.67,-9.78,-0.89,583860178.0,14677.78
2023-07-11,1100.31,1104.71,1097.59,1101.11,578689953,12929.44,12.86,13.4,1.23,583089893.0,14655.11
2023-07-12,1087.43,1095.22,1077.13,1085.69,629161866,15665.33,12.46,-15.42,-1.4,585909862.0,14714.71
2023-07-13,1084.83,1091.55,1078.87,1087.04,511551112,12419.29,12.53,1.35,0.12,586607555.0,14690.12
2023-07-14,1085.9,1103.26,1081.38,1092.45,505140967,11166.42,12.41,5.41,0.5,579204445.0,14480.67
2023-07-17,1080.21,1084.91,1075.1,1078.78,471096155,11783.89,12.56,-13.67,-1.25,577008350.0,14453.06
2023-07-18,1087.91,1094.35,1081.64,1086.13,514746436,13411.96,12.56,7.35,0.68,571878553.0,14295.18
2023-07-19,1090.87,1097.23,1085.1,1091.21,572806539,15611.46,12.81,5.08,0.47,568020550.0,14230.19
2023-07-20,1070.39,1079.95,1062.17,1072.33,604277934,13421.83,12.38,-18.88,-1.73,566566076.0,14169.58
2023-07-21,1082.98,1091.12,1070.99,1081.71,572418027,14526.04,12.73,9.38,0.87,560613710.0,13984.01
2023-07-24,1082.25,1084.57,1078.07,1080.79,711838058,15823.59,12.62,-0.92,-0.09,562223020.0,13930.2
2023-07-25,1081.69,1087.06,1079.97,1082.56,487261552,11514.45,12.82,1.77,0.16,555618680.0,13703.93
2023-07-26,1066.82,1076.07,1062.64,1069.1,647231775,15182.6,12.5,-13.46,-1.24,566540848.0,13944.58
2023-07-27,1065.24,1069.56,1062.63,1067.25,602079965,14510.53,12.56,-1.85,-0.17,567013930.0,13879.47
2023-07-28,1077.48,1080.33,1071.84,1076.98,591332836,13145.76,12.86,9.73,0.91,564427261.0,13675.88
2023-07-31,1082.36,1086.83,1065.77,1074.32,672880446,17571.87,12.76,-2.66,-0.25,574484594.0,13945.41
2023-08-01,1072.97,1082.88,1066.28,1072.74,474630409,11588.92,12.16,-1.58,-0.15,570106367.0,13812.71
2023-08-02,1070.37,1082.25,1065.91,1072.02,577050056,14744.76,12.42,-0.72,-0.07,572354030.0,13954.67
2023-08-03,1067.27,1071.17,1057.82,1064.59,549050800,14359.18,12.36,-7.43,-0.69,572104586.0,14015.67
2023-08-04,1071.74,1077.07,1061.12,1068.81,481732917,12042.19,12.47,4.22,0.4,566143941.0,13849.29
2023-08-07,1067.37,1081.69,1061.27,1067.94,599434343,15883.7,12.28,-0.87,-0.08,567720607.0,13865.16
2023-08-08,1061.57,1065.47,1054.64,1060.67,754317162,18704.04,12.41,-7.27,-0.68,576501968.0,14153.89
2023-08-09,1077.34,1080.6,1068.79,1074.95,676489289,15478.34,12.6,14.28,1.35,578868339.0,14144.54
2023-08-10,1066.09,1069.49,1060.14,1065.41,679568685,15713.12,12.27,-9.54,-0.89,587269218.0,14309.23
2023-08-11,1051.51,1062.76,1046.39,1054.25,675674351,16924.46,12.05,-11.16,-1.05,595795887.0,14597.13
2023-08-14,1066.01,1068.15,1062.09,1064.2,467557986,10669.15,12.15,9.95,0.94,595618978.0,14541.4
2023-08-15,1051.88,1060.29,1045.77,1053.28,725491229,19496.91,12.06,-10.92,-1.03,606156218.0,14845.64
2023-08-16,1064.32,1069.62,1055.76,1062.75,684626342,15411.93,12.2,9.47,0.9,611747208.0,14835.67
2023-08-17,1059.36,1071.25,1055.63,1063.9,718815898,18030.51,12.61,1.15,0.11,617474106.0,15066.1
2023-08-18,1048.12,1059.56,1041.63,1050.97,599200035,13436.35,12.28,-12.93,-1.22,618813207.0,15011.62
2023-08-21,1060.96,1063.84,1056.17,1060.64,611319281,14929.09,12.47,9.67,0.92,613787268.0,14966.89
2023-08-22,1054.22,1060.07,1052.24,1056.33,647296701,16859.59,11.97,-4.31,-0.41,621789025.0,15234.15
2023-08-23,1057.76,1071.65,1046.27,1057.8,711376606,16113.28,12.29,1.47,0.14,624996267.0,15280.68
2023-08-24,1064.95,1071.09,1057.66,1063.29,518379469,12437.11,12.35,5.49,0.52,620811242.0,15177.01
2023-08-25,1050.94,1053.1,1045.93,1049.51,635017572,15013.71,11.79,-13.78,-1.3,622995479.0,15270.41
2023-08-28,1048.82,1053.68,1036.11,1045.55,599479870,15834.98,12.05,-3.96,-0.38,619325450.0,15183.57
2023-08-29,1041.93,1050.3,1039.17,1043.86,632159159,15426.38,12.22,-1.69,-0.16,627201888.0,15375.44
2023-08-30,1046.52,1053.65,1037.21,1043.45,671487648,17198.98,11.87,-0.41,-0.04,631923767.0,15498.15
2023-08-31,1045.37,1053.81,1040.42,1047.07,575249187,15522.75,11.89,3.62,0.35,633233686.0,15556.33
2023-09-01,1047.53,1052.93,1042.74,1048.78,609142568,13611.04,12.04,1.71,0.16,639604169.0,15634.77
2023-09-04,1045.25,1054.66,1037.66,1047.63,716027075,15838.54,11.98,-1.15,-0.11,645433806.0,15632.51
2023-09-05,1056.49,1061.06,1041.84,1050.21,654269608,15330.1,11.98,2.58,0.25,640431428.0,15463.82
2023-09-06,1048.69,1056.23,1037.73,1044.62,692568795,17003.69,11.77,-5.59,-0.53,641235403.0,15540.08
2023-09-07,1048.96,1063.64,1043.57,1052.59,641084097,14988.75,12.03,7.97,0.76,639311174.0,15503.86
2023-09-08,1037.33,1051.42,1032.15,1041.65,715753569,16012.96,12.02,-10.94,-1.04,641315135.0,15458.29
2023-09-11,1060.07,1067.54,1053.31,1058.95,586440753,15951.97,12.21,17.3,1.66,647259273.0,15722.43
2023-09-12,1045.51,1056.35,1036.75,1045.81,743649241,16614.98,12.3,-13.14,-1.24,648167174.0,15578.33
2023-09-13,1033.19,1044.91,1029.67,1036.37,650269104,15230.87,11.92,-9.44,-0.9,646449312.0,15569.28
2023-09-14,1033.96,1038.43,1029.28,1034.58,732880170,19668.82,11.76,-1.79,-0.17,647152525.0,15651.2
2023-09-15,1047.5,1050.99,1034.3,1043.42,708684025,19134.97,11.84,8.84,0.85,652626725.0,15936.13
2023-09-18,1040.95,1045.84,1033.8,1038.75,686033038,18019.25,12.04,-4.67,-0.45,656362413.0,16090.64
2023-09-19,1040.4,1051.8,1033.64,1043.97,755754632,19264.34,12.17,5.22,0.5,661785309.0,16210.87
2023-09-20,1040.76,1050.39,1030.34,1042.15,772160744,20356.43,11.8,-1.82,-0.17,664824516.0,16423.03
2023-09-21,1036.52,1045.57,1031.3,1038.54,696313142,18742.62,11.79,-3.61,-0.35,673721200.0,16738.31
2023-09-22,1033.64,1039.4,1026.03,1033.59,748633978,20452.08,11.99,-4.95,-0.48,679402020.0,17010.22
2023-09-25,1031.34,1037.88,1022.28,1029.32,658241877,14526.96,11.67,-4.27,-0.41,682340120.0,16944.82
2023-09-26,1038.69,1042.91,1027.02,1035.5,775576146,17862.11,11.76,6.18,0.6,689510970.0,17066.61
2023-09-27,1046.82,1054.81,1033.44,1043.12,742383963,19687.28,11.65,7.62,0.74,693055786.0,17191.03
2023-09-28,1041.2,1044.93,1032.61,1039.11,693365662,17969.32,11.8,-4.01,-0.38,698961609.0,17313.35
2023-09-29,1026.81,1036.57,1022.91,1030.23,726899797,18985.56,11.42,-8.88,-0.85,704849471.0,17582.08
2023-10-02,1042.67,1047.29,1031.64,1038.65,818789126,20869.12,11.87,8.42,0.82,709987573.0,17833.61
2023-10-03,1041.37,1044.6,1036.29,1039.88,760858658,20241.68,11.97,1.23,0.12,715317026.0,18079.19
2023-10-04,1032.23,1038.07,1026.22,1032.25,719482970,15959.96,11.66,-7.63,-0.73,716662735.0,18027.0
2023-10-05,1040.87,1044.56,1031.25,1038.5,863828796,22163.62,11.97,6.25,0.61,727799970.0,18385.74
2023-10-06,1038.91,1044.7,1032.21,1037.99,801697572,19667.22,11.71,-0.51,-0.05,732097170.0,18568.46
2023-10-09,1036.73,1040.65,1022.32,1030.88,803604641,17865.04,11.59,-7.11,-0.68,742955364.0,18664.11
2023-10-10,1046.07,1051.31,1032.92,1040.02,865878709,22639.95,11.85,9.14,0.89,749066838.0,18965.36
2023-10-11,1040.57,1047.08,1029.2,1041.41,902063004,21242.11,11.84,1.39,0.13,761656532.0,19265.92
2023-10-12,1043.02,1051.41,1033.77,1044.75,819142485,18077.02,11.92,3.34,0.32,765969648.0,19186.33
2023-10-13,1042.52,1050.41,1037.72,1044.82,926981711,20639.05,11.85,0.07,0.01,776884533.0,19261.54
2023-10-16,1032.51,1042.86,1019.56,1030.52,840466732,22163.26,11.7,-14.3,-1.37,784606217.0,19468.74
2023-10-17,1034.75,1037.2,1028.65,1033.48,795859645,21148.02,11.78,2.96,0.29,786611468.0,19562.92
2023-10-18,1045.19,1047.85,1037.37,1042.55,938202337,25176.08,12.01,9.07,0.88,794913548.0,19803.9
2023-10-19,1041.6,1050.38,1035.99,1042.94,983612437,24895.8,11.89,0.39,0.04,809278512.0,20111.56
2023-10-20,1044.32,1052.59,1032.96,1043.38,1002258010,23358.51,12.06,0.44,0.04,821959714.0,20256.88
2023-10-23,1063.04,1068.68,1057.57,1063.87,910237984,23032.28,12.33,20.49,1.96,834559519.0,20682.15
2023-10-24,1039.62,1053.3,1035.24,1044.69,821999672,20220.13,11.78,-19.18,-1.8,836880696.0,20800.05
2023-10-25,1050.01,1051.21,1045.66,1048.62,868733842,20049.11,11.73,3.93,0.38,843198190.0,20818.14
2023-10-26,1048.44,1054.43,1042.2,1048.1,866413293,22885.63,11.92,-0.52,-0.05,851850571.0,21063.96
2023-10-27,1051.04,1054.31,1040.73,1046.9,833461675,21164.81,11.98,-1.2,-0.11,857178665.0,21172.92
2023-10-30,1043.22,1045.33,1037.66,1041.75,1052370873,28898.62,11.91,-5.15,-0.49,868857752.0,21574.4
2023-10-31,1048.34,1052.34,1045.03,1048.88,971098412,25177.84,12.02,7.13,0.68,879369740.0,21821.2
2023-11-01,1043.27,1046.89,1030.92,1040.41,870088688,20374.73,11.92,-8.47,-0.81,886900026.0,22041.94
2023-11-02,1042.38,1048.35,1040.18,1044.38,846116809,20332.01,11.64,3.97,0.38,886014427.0,21950.36
2023-11-03,1040.9,1047.54,1038.77,1043.68,898497827,24420.71,11.86,-0.7,-0.07,890854439.0,22188.04
2023-11-06,1049.8,1057.04,1040.73,1047.91,936625247,25106.56,12.14,4.23,0.41,897505470.0,22550.11
2023-11-07,1055.2,1068.13,1051.12,1062.16,832001277,18357.6,12.29,14.25,1.36,895811598.0,22335.99
2023-11-08,1038.03,1043.24,1031.76,1037.96,769967446,20027.2,11.97,-24.2,-2.28,889206820.0,22275.25
2023-11-09,1053.87,1064.23,1045.12,1054.21,834250672,19759.0,12.28,16.25,1.57,889962229.0,22359.35
2023-11-10,1043.93,1049.89,1030.44,1041.37,787020245,19834.56,11.81,-12.84,-1.22,882964156.0,22319.12
2023-11-13,1050.46,1055.57,1042.37,1049.21,847907994,20661.75,11.99,7.84,0.75,883336219.0,22244.05
2023-11-14,1058.56,1065.15,1055.84,1059.6,941566276,24012.73,12.21,10.39,0.99,890621551.0,22387.28
2023-11-15,1052.74,1058.32,1049.22,1054.51,1016994387,24413.22,12.39,-5.09,-0.48,894561153.0,22349.14
2023-11-16,1051.0,1055.35,1044.1,1048.74,938124041,20780.81,11.87,-5.77,-0.55,892286734.0,22143.39
2023-11-17,1049.26,1061.34,1045.78,1052.03,936514897,21427.59,12.05,3.29,0.31,888999578.0,22046.84
2023-11-20,1061.0,1065.64,1058.24,1061.55,937676427,25210.57,12.3,9.52,0.9,890371500.0,22155.76
2023-11-21,1051.29,1063.73,1043.89,1054.27,937917385,22622.86,12.21,-7.28,-0.69,896167386.0,22275.9
2023-11-22,1062.33,1067.02,1056.99,1061.16,1073458818,28537.98,12.3,6.89,0.65,906403634.0,22700.34
2023-11-23,1059.53,1066.8,1056.16,1061.37,935094658,21961.97,12.19,0.21,0.02,909837703.0,22654.16
2023-11-24,1060.22,1069.06,1049.48,1058.45,935489054,23802.85,12.05,-2.92,-0.28,914939072.0,22786.06
2023-11-27,1078.53,1082.76,1067.21,1076.52,1037785439,26373.9,12.82,18.07,1.71,914209800.0,22659.82
2023-11-28,1069.31,1073.09,1065.75,1068.78,827995663,22606.07,12.43,-7.74,-0.72,907054662.0,22531.23
2023-11-29,1059.63,1065.59,1044.17,1054.17,974627952,22110.91,12.08,-14.61,-1.37,912281626.0,22618.04
2023-11-30,1071.78,1076.2,1057.29,1068.81,939818844,25746.74,12.22,14.64,1.39,916966727.0,22888.78
2023-12-01,1064.65,1073.7,1057.96,1065.12,876912077,22966.23,12.23,-3.69,-0.35,915887440.0,22816.06
2023-12-04,1076.23,1081.7,1069.65,1075.63,1044248052,27364.42,12.46,10.51,0.99,921268580.0,22928.95
2023-12-05,1065.69,1077.14,1061.55,1067.21,932278986,24853.0,12.53,-8.42,-0.78,926282466.0,23253.72
2023-12-06,1069.12,1079.14,1060.27,1072.75,1133451462,30710.99,12.49,5.54,0.52,944456666.0,23787.91
2023-12-07,1078.65,1081.29,1074.08,1077.96,883663320,20895.7,12.61,5.21,0.49,946927299.0,23844.74
2023-12-08,1080.74,1088.83,1076.82,1081.65,901128895,19895.79,12.74,3.69,0.34,952632731.0,23847.8
2023-12-11,1066.64,1081.51,1060.69,1070.79,1006279641,25782.87,12.54,-10.86,-1.0,960551314.0,24103.86
2023-12-12,1073.25,1088.59,1068.05,1077.54,874682902,21203.61,12.54,6.75,0.63,957207145.0,23963.4
2023-12-13,1075.38,1082.38,1072.84,1078.28,786656937,17639.01,12.59,0.74,0.07,945690272.0,23624.69
2023-12-14,1074.64,1087.19,1070.89,1078.81,922871831,21802.01,12.46,0.53,0.05,944927662.0,23675.75
2023-12-15,1096.57,1099.03,1088.89,1094.95,999567435,23757.95,12.81,16.14,1.5,948080289.0,23792.27
2023-12-18,1090.98,1093.67,1081.04,1088.42,798200870,20404.41,12.91,-6.53,-0.6,941106511.0,23551.96
2023-12-19,1080.4,1085.44,1075.94,1080.08,1071499716,23995.99,12.77,-8.34,-0.77,947785628.0,23620.62
2023-12-20,1096.45,1101.35,1085.36,1094.83,943212658,23449.15,13.05,14.75,1.37,941273320.0,23366.18
2023-12-21,1104.55,1108.92,1100.22,1103.74,865342731,22033.85,12.93,8.91,0.81,937785723.0,23369.77
2023-12-22,1097.27,1103.24,1095.78,1098.91,867268349,20397.23,12.91,-4.83,-0.44,934374688.0,23199.49
2023-12-25,1078.07,1090.82,1074.84,1085.31,979629240,23255.89,12.55,-13.6,-1.24,931466878.0,23043.59
2023-12-26,1094.8,1096.81,1089.98,1093.26,991891145,26687.13,12.71,7.95,0.73,939661652.0,23247.64
2023-12-27,1110.74,1113.86,1099.76,1105.51,926825028,22907.39,12.94,12.25,1.12,937271506.0,23287.47
2023-12-28,1091.21,1102.06,1088.45,1095.42,943101284,24204.81,12.73,-10.09,-0.91,937435628.0,23210.37
2023-12-29,1106.51,1116.3,1090.42,1104.1,847467267,22288.42,12.95,8.68,0.79,935963387.0,23176.48
2024-01-01,1110.26,1113.0,1100.86,1107.87,665672299,16320.52,13.07,3.77,0.34,917034600.0,22624.29
2024-01-02,1097.15,1103.71,1095.18,1099.45,851250370,22576.85,13.14,-8.42,-0.76,912983169.0,22510.48
2024-01-03,1104.56,1113.71,1095.99,1106.45,860752265,22145.41,13.1,7.0,0.64,899348209.0,22082.2
2024-01-04,1090.71,1095.57,1083.7,1089.17,807957089,20640.54,12.91,-17.28,-1.56,895562898.0,22069.44
2024-01-05,1108.24,1111.36,1099.62,1104.29,802046112,17901.27,12.79,15.12,1.39,890608758.0,21969.72
2024-01-08,1112.62,1114.84,1107.42,1110.74,848695445,20971.91,12.97,6.45,0.58,882729549.0,21729.17
2024-01-09,1102.66,1112.89,1100.01,1106.6,904557105,22482.48,13.04,-4.14,-0.37,884223259.0,21793.11
2024-01-10,1127.01,1132.63,1115.91,1125.71,890995066,20217.15,13.38,19.11,1.73,889440165.0,21922.02
2024-01-11,1107.25,1113.25,1105.01,1109.18,928672447,23076.38,12.98,-16.53,-1.47,889730196.0,21985.74
2024-01-12,1116.73,1122.13,1113.42,1116.96,857560875,22861.57,13.23,7.78,0.7,882629868.0,21940.92
2024-01-15,1123.84,1126.7,1118.07,1122.23,656571286,15538.44,13.18,5.27,0.47,875548389.0,21697.62
2024-01-16,1131.86,1134.88,1128.95,1131.94,818355344,18264.17,13.73,9.71,0.87,862891170.0,21411.03
2024-01-17,1124.77,1130.07,1104.22,1116.53,869272100,19485.45,13.22,-15.41,-1.36,859194142.0,21212.84
2024-01-18,1132.07,1138.6,1129.48,1133.97,922632698,23232.48,13.6,17.44,1.56,862058641.0,21272.77
2024-01-19,1128.51,1134.23,1124.15,1128.9,720218260,17212.18,13.56,-5.07,-0.45,854706136.0,21113.52
2024-01-22,1128.29,1133.03,1115.22,1124.8,781879444,17834.8,13.38,-4.1,-0.36,844818646.0,20842.47
2024-01-23,1134.05,1138.95,1132.14,1135.31,804079926,18759.52,13.63,10.51,0.93,835428086.0,20446.09
2024-01-24,1135.48,1143.34,1130.97,1135.57,780146648,19508.48,13.75,0.26,0.02,828094166.0,20276.14
2024-01-25,1132.04,1136.74,1127.91,1132.62,823884405,19221.94,13.55,-2.95,-0.26,822133323.0,20027.0
2024-01-26,1141.89,1146.23,1124.84,1138.47,653640720,15951.11,13.67,5.85,0.52,812441995.0,19710.13
2024-01-29,1139.8,1142.6,1129.37,1137.57,818787546,22101.9,13.49,-0.9,-0.08,820097758.0,19999.2
2024-01-30,1150.87,1155.93,1132.23,1142.39,716944494,17653.29,13.74,4.82,0.42,813382464.0,19753.02
2024-01-31,1147.84,1154.26,1138.21,1147.5,780188194,20475.22,13.57,5.11,0.45,809354260.0,19669.51
2024-02-01,1154.14,1159.12,1150.62,1154.86,654922466,15566.97,13.97,7.36,0.64,801702529.0,19415.84
2024-02-02,1141.25,1150.67,1133.31,1139.72,746709018,19148.15,13.55,-15.14,-1.31,798935674.0,19478.18
2024-02-05,1163.38,1165.17,1157.96,1161.74,689674865,16661.52,14.2,22.02,1.93,790984645.0,19262.66
2024-02-06,1139.97,1150.43,1127.37,1139.01,830326484,19413.45,13.52,-22.73,-1.96,787273114.0,19109.21
2024-02-07,1148.47,1158.08,1143.43,1151.59,729473387,16934.5,13.68,12.58,1.1,779197030.0,18945.08
2024-02-08,1158.68,1160.06,1155.14,1157.79,598497571,15076.45,14.23,6.2,0.54,762688287.0,18545.08
2024-02-09,1157.73,1166.03,1151.92,1157.7,700005012,18404.54,14.07,-0.09,-0.01,754810493.0,18322.23
2024-02-12,1155.41,1160.66,1148.88,1154.02,664532945,17744.8,13.71,-3.68,-0.32,755208576.0,18432.55
2024-02-13,1159.91,1161.4,1155.07,1158.23,493755536,13064.69,13.97,4.21,0.36,738978586.0,18172.57
2024-02-14,1159.99,1166.28,1147.64,1158.24,619473570,16612.64,14.0,0.01,0.0,726488659.0,18028.93
2024-02-15,1155.47,1165.28,1152.66,1159.36,717077608,15775.75,13.89,1.12,0.1,716210905.0,17656.1
2024-02-16,1173.77,1176.02,1165.59,1169.68,624425511,14781.2,13.98,10.32,0.89,711421268.0,17534.55
2024-02-19,1169.48,1171.41,1162.63,1168.39,731054036,19066.2,13.94,-1.29,-0.11,708879997.0,17596.12
2024-02-20,1162.42,1172.5,1155.84,1163.74,739630929,17010.68,14.12,-4.65,-0.4,705657547.0,17508.67
2024-02-21,1179.52,1182.66,1167.64,1174.93,616669681,15569.99,14.44,11.19,0.96,697483699.0,17311.75
2024-02-22,1173.28,1178.39,1164.75,1173.0,696917193,17569.81,14.11,-1.93,-0.16,691135338.0,17229.14
2024-02-23,1177.67,1184.15,1169.39,1177.63,736772619,19284.68,14.12,4.63,0.39,695291933.0,17395.82
2024-02-26,1177.49,1182.14,1174.1,1178.11,733404358,17997.33,14.43,0.48,0.04,691022774.0,17190.59
2024-02-27,1175.76,1182.23,1159.35,1170.92,708311017,16343.44,14.07,-7.19,-0.61,690591100.0,17125.1
2024-02-28,1175.4,1179.07,1166.25,1174.07,720320008,18073.84,14.35,3.15,0.27,687597691.0,17005.03
2024-02-29,1180.03,1193.43,1174.34,1183.44,685901160,16539.79,14.5,9.37,0.8,689146625.0,17053.67
2024-03-01,1186.0,1188.44,1181.98,1184.12,620162750,14445.05,14.45,0.68,0.06,682819312.0,16818.52
2024-03-04,1187.97,1192.12,1173.22,1181.81,620417544,16100.76,14.25,-2.31,-0.2,679356446.0,16790.48
2024-03-05,1182.43,1191.18,1172.5,1184.09,535152373,14320.21,14.34,2.28,0.19,664597740.0,16535.82
2024-03-06,1194.17,1196.22,1188.82,1192.49,694819973,16243.2,14.62,8.4,0.71,662865070.0,16501.25
2024-03-07,1186.25,1190.82,1172.99,1182.68,610921677,14406.74,14.27,-9.81,-0.82,663486275.0,16467.77
2024-03-08,1189.27,1195.73,1184.95,1190.9,550478442,12317.47,14.73,8.22,0.7,656009946.0,16163.41
2024-03-11,1189.02,1195.16,1179.37,1187.77,561883810,13516.99,14.43,-3.13,-0.26,650877490.0,15952.02
2024-03-12,1190.67,1200.1,1177.69,1189.01,563495251,14724.23,14.27,1.24,0.1,654364476.0,16035.0
2024-03-13,1197.96,1201.52,1194.93,1198.22,482000684,13177.28,14.64,9.21,0.77,647490831.0,15863.23
2024-03-14,1198.4,1201.63,1193.07,1197.87,436739677,10563.36,14.49,-0.35,-0.03,633473935.0,15602.61
2024-03-15,1197.25,1203.03,1193.99,1199.06,656663183,17944.61,14.45,1.19,0.1,635085818.0,15760.78
2024-03-18,1206.01,1208.35,1198.15,1203.25,533593835,13497.12,14.68,4.19,0.35,625212808.0,15482.33
2024-03-19,1193.54,1205.34,1190.42,1196.75,669253759,16968.96,14.76,-6.5,-0.54,621693950.0,15480.24
2024-03-20,1203.49,1206.41,1195.99,1201.89,615107025,14217.88,14.75,5.14,0.43,621615817.0,15412.64
2024-03-21,1196.22,1205.7,1188.62,1197.1,571618263,13371.33,14.57,-4.79,-0.4,615350870.0,15202.71
2024-03-22,1206.42,1210.78,1196.06,1202.03,610613389,16714.65,14.54,4.93,0.41,609042909.0,15074.21
2024-03-25,1198.22,1202.87,1196.62,1200.4,588302217,14346.99,14.7,-1.63,-0.14,601787802.0,14891.69
2024-03-26,1199.08,1207.68,1196.86,1202.84,700687560,17872.64,14.92,2.44,0.2,601406629.0,14968.16
2024-03-27,1206.4,1212.67,1203.45,1206.87,587407640,12967.38,14.87,4.03,0.34,594761011.0,14712.83
2024-03-28,1198.07,1203.32,1195.26,1199.4,551463447,14354.61,14.54,-7.47,-0.62,588039125.0,14603.57
2024-03-29,1223.3,1226.45,1212.71,1217.85,587847172,15593.48,15.04,18.45,1.54,586423346.0,14660.99
2024-04-01,1202.79,1210.48,1192.59,1200.22,623345239,15501.33,14.8,-17.63,-1.45,586569731.0,14631.02
2024-04-02,1199.53,1203.27,1194.95,1199.9,415202916,9975.86,14.7,-0.32,-0.03,580572258.0,14413.81
2024-04-03,1213.96,1225.92,1203.24,1215.03,444570953,11505.51,15.03,15.13,1.26,568059807.0,14176.92
2024-04-04,1216.62,1219.73,1206.67,1213.7,512588664,11338.73,14.63,-1.33,-0.11,563143156.0,14023.52
2024-04-05,1214.41,1218.94,1209.97,1213.53,510937442,13081.76,15.11,-0.17,-0.01,561166106.0,14061.74
2024-04-08,1212.41,1218.13,1210.58,1214.36,593499911,15935.06,14.75,0.83,0.07,562746911.0,14182.64
2024-04-09,1211.19,1221.66,1204.95,1211.3,463189916,11502.18,14.73,-3.06,-0.25,557731645.0,14021.54
2024-04-10,1209.23,1213.04,1200.46,1206.74,496696905,13423.65,14.93,-4.56,-0.38,558466456.0,14033.85
2024-04-11,1213.24,1222.01,1204.35,1213.29,532121229,13326.2,14.76,6.55,0.54,563235533.0,14172.0
2024-04-12,1209.19,1214.69,1200.72,1209.46,565074903,14757.47,14.85,-3.83,-0.32,558656119.0,14012.64
2024-04-15,1222.36,1226.97,1215.32,1220.04,596335767,13872.43,14.87,10.58,0.87,561793216.0,14031.41
2024-04-16,1214.92,1216.97,1211.41,1213.93,561888522,12860.22,15.16,-6.11,-0.5,556424954.0,13825.97
2024-04-17,1211.48,1212.88,1207.6,1210.46,497398065,11230.95,14.65,-3.47,-0.29,550539506.0,13676.62
2024-04-18,1212.33,1218.96,1208.81,1214.05,543939411,12667.33,14.82,3.59,0.3,549155563.0,13641.42
2024-04-19,1220.03,1225.51,1213.74,1218.99,430425545,10749.87,14.71,4.94,0.41,540146171.0,13343.18
2024-04-22,1215.32,1223.15,1207.49,1213.64,640414397,16313.15,14.86,-5.35,-0.44,542751780.0,13441.49
2024-04-23,1208.35,1217.54,1204.94,1212.57,489672368,12636.68,14.82,-1.07,-0.09,532201021.0,13179.69
2024-04-24,1216.63,1223.74,1213.25,1219.41,400000000,8839.87,15.04,6.84,0.56,522830639.0,12973.32
2024-04-25,1218.99,1225.8,1211.1,1219.84,683268473,15983.7,15.15,0.43,0.04,529420890.0,13054.77
2024-04-26,1217.42,1219.6,1212.3,1215.71,597774582,14745.92,14.98,-4.13,-0.34,529917260.0,13012.39
2024-04-29,1214.69,1223.19,1210.87,1216.29,507782308,12254.33,14.93,0.58,0.05,524139114.0,12850.04
2024-04-30,1218.4,1232.62,1213.9,1220.84,552853389,13810.1,15.16,4.55,0.37,531021638.0,13041.76
2024-05-01,1204.16,1217.84,1199.73,1211.06,674234580,16440.6,14.78,-9.78,-0.8,542504819.0,13288.51
2024-05-02,1209.19,1222.42,1202.62,1211.57,481393892,10772.6,14.64,0.51,0.04,540945080.0,13260.2
2024-05-03,1216.55,1221.68,1209.05,1215.95,637556040,15723.37,14.77,4.38,0.36,547276010.0,13392.28
2024-05-06,1219.46,1223.25,1215.21,1219.19,701041345,18321.44,15.06,3.24,0.27,552653082.0,13511.6
2024-05-07,1225.43,1231.64,1216.02,1222.52,705641028,16183.42,15.16,3.33,0.27,564775637.0,13745.66
2024-05-08,1232.76,1235.71,1224.13,1229.67,640915888,16405.99,15.39,7.15,0.58,571986587.0,13894.78
2024-05-09,1221.61,1236.28,1215.5,1226.09,746748957,17541.27,15.08,-3.58,-0.29,582717973.0,14105.54
2024-05-10,1218.89,1224.11,1216.33,1220.09,674621853,16723.09,14.99,-6.0,-0.49,588195320.0,14203.82
2024-05-13,1219.33,1224.11,1215.72,1221.01,652158350,17203.5,15.18,0.92,0.08,590986450.0,14370.37
2024-05-14,1218.7,1221.12,1210.91,1215.16,502413506,11797.83,15.09,-5.85,-0.48,588012699.0,14317.25
2024-05-15,1222.45,1226.4,1217.47,1221.09,689055691,18247.69,14.84,5.93,0.49,597595580.0,14668.09
2024-05-16,1217.14,1230.05,1212.77,1219.47,550418631,13418.05,15.21,-1.62,-0.13,597919541.0,14705.62
2024-05-17,1224.56,1225.94,1220.88,1223.11,659652755,14653.78,14.83,3.64,0.3,609380902.0,14900.82
2024-05-20,1218.43,1223.08,1205.68,1216.15,690779654,18981.84,14.9,-6.96,-0.57,611899164.0,15034.25
2024-05-21,1227.13,1235.74,1216.78,1224.16,703228510,18789.65,15.17,8.01,0.66,622576972.0,15341.9
2024-05-22,1230.13,1238.45,1223.42,1230.13,745553445,18723.82,15.09,5.97,0.49,639854644.0,15836.1
2024-05-23,1217.99,1226.3,1215.8,1220.16,703932457,18437.87,15.21,-9.97,-0.81,640887843.0,15958.81
2024-05-24,1223.68,1227.51,1219.22,1223.07,737411344,18603.52,15.11,2.91,0.24,647869681.0,16151.69
2024-05-27,1224.63,1234.83,1215.76,1224.63,600599774,13969.24,15.32,1.56,0.13,652510554.0,16237.43
2024-05-28,1215.99,1227.88,1207.89,1217.89,554506464,15235.6,14.99,-6.74,-0.55,652593208.0,16308.71
2024-05-29,1223.92,1232.87,1208.75,1221.42,630965667,15459.42,15.05,3.53,0.29,650429763.0,16259.65
2024-05-30,1225.23,1229.1,1212.63,1219.92,684727386,17665.87,14.81,-1.5,-0.12,660596437.0,16604.31
2024-05-31,1218.06,1229.35,1213.36,1220.17,789422488,18146.03,15.26,0.25,0.02,668189760.0,16725.45
2024-06-03,1217.5,1222.67,1205.3,1214.66,739199962,19106.85,15.11,-5.51,-0.45,670097690.0,16764.72
2024-06-04,1219.11,1230.55,1206.63,1219.15,501448440,11455.74,14.95,4.49,0.37,659888061.0,16528.33
2024-06-05,1220.64,1227.75,1211.95,1221.67,571198915,12729.71,15.2,2.52,0.21,656402212.0,16344.52
2024-06-06,1227.87,1230.33,1224.69,1227.06,626429938,16754.8,15.22,5.39,0.44,650386262.0,16305.2
2024-06-07,1219.36,1231.1,1212.41,1223.75,746563276,18333.77,15.08,-3.31,-0.27,653983333.0,16385.73
2024-06-10,1225.85,1236.72,1222.41,1230.54,713623477,15978.52,15.08,6.79,0.55,657056589.0,16324.48
2024-06-11,1211.03,1216.4,1207.99,1212.63,600558559,15849.11,14.81,-17.91,-1.46,661963842.0,16527.04
2024-06-12,1220.17,1226.78,1217.63,1222.06,681794060,17526.86,14.85,9.43,0.78,661600760.0,16491.0
2024-06-13,1215.08,1220.38,1212.93,1217.51,820553877,18751.37,14.91,-4.55,-0.37,675107522.0,16757.67
2024-06-14,1229.65,1232.91,1225.85,1229.11,727954235,18339.97,15.21,11.6,0.95,678522596.0,16941.98
2024-06-17,1207.71,1215.66,1203.15,1210.67,695650837,17062.72,14.84,-18.44,-1.5,678766156.0,16846.02
2024-06-18,1211.11,1216.81,1206.43,1210.02,909133705,22872.51,14.79,-0.65,-0.05,689061415.0,17050.16
2024-06-19,1208.48,1220.71,1200.72,1210.98,874554664,23999.51,14.87,0.96,0.08,695511476.0,17313.95
2024-06-20,1201.89,1210.0,1193.98,1201.34,779045259,19209.3,14.94,-9.64,-0.8,699267116.0,17352.52
2024-06-21,1207.54,1218.69,1198.63,1210.43,747698906,19584.82,14.55,9.09,0.76,699781494.0,17401.59
2024-06-24,1205.61,1211.7,1202.93,1208.52,948632892,23424.53,15.05,-1.91,-0.16,717183150.0,17874.35
2024-06-25,1211.37,1219.68,1205.27,1213.45,731374562,18386.63,14.95,4.93,0.41,726026555.0,18031.9
2024-06-26,1212.78,1217.87,1210.49,1214.07,765299101,20738.98,15.03,0.62,0.05,732743227.0,18295.88
2024-06-27,1223.05,1233.48,1215.35,1222.74,772909906,17373.93,15.23,8.67,0.71,737152353.0,18281.28
2024-06-28,1213.25,1225.78,1207.75,1216.63,733573033,17019.0,15.05,-6.11,-0.5,734359880.0,18224.93
2024-07-01,1202.23,1214.58,1199.14,1206.91,851632985,21674.32,14.84,-9.72,-0.8,739981531.0,18353.3
2024-07-02,1202.1,1210.73,1196.08,1204.42,831548692,22505.09,14.6,-2.49,-0.21,756486544.0,18905.77
2024-07-03,1211.41,1215.16,1209.45,1212.19,834468994,20498.44,15.01,7.77,0.65,769650048.0,19294.21
2024-07-04,1199.01,1207.13,1192.15,1200.75,803837237,21343.12,14.88,-11.44,-0.94,778520413.0,19523.62
2024-07-05,1218.18,1221.94,1215.63,1219.08,1044536184,28211.18,15.02,18.33,1.53,793419058.0,20017.5
2024-07-08,1212.59,1221.48,1210.07,1214.58,690685459,18382.93,15.17,-4.5,-0.37,792272157.0,20137.72
2024-07-09,1202.27,1206.89,1199.87,1204.1,882911651,20788.84,14.6,-10.48,-0.86,806389812.0,20384.7
2024-07-10,1194.7,1200.13,1190.52,1196.05,825587895,21671.88,14.65,-8.05,-0.67,813579504.0,20591.95
2024-07-11,1216.86,1219.48,1208.67,1213.86,822521142,18182.12,14.88,17.81,1.49,813677867.0,20563.49
2024-07-12,1200.32,1213.8,1193.36,1204.46,863313034,23558.27,14.73,-9.4,-0.77,820445807.0,20824.41
2024-07-15,1215.2,1222.68,1205.4,1211.98,790133116,21068.58,15.04,7.52,0.62,825169921.0,21024.7
2024-07-16,1191.64,1207.39,1182.53,1194.4,958874050,26316.87,14.79,-17.58,-1.45,827656938.0,21196.92
2024-07-17,1200.04,1204.59,1196.07,1199.78,827898313,22013.94,14.47,5.38,0.45,825324121.0,21097.64
2024-07-18,1206.35,1210.36,1193.86,1202.82,923999740,21092.69,14.54,3.04,0.25,832571845.0,21191.81
2024-07-19,1199.25,1212.24,1192.31,1202.49,1068524382,27922.12,14.65,-0.33,-0.03,848613118.0,21608.67
2024-07-22,1201.74,1208.08,1187.59,1198.92,830788859,20116.09,14.9,-3.57,-0.3,842720917.0,21443.25
2024-07-23,1201.93,1217.27,1192.19,1204.78,822403983,18955.06,14.88,5.86,0.49,847272388.0,21471.67
2024-07-24,1195.58,1198.09,1189.75,1194.07,942833384,23498.24,14.47,-10.71,-0.89,856149102.0,21609.64
2024-07-25,1200.01,1204.33,1194.56,1199.05,821603429,18602.09,14.61,4.98,0.42,858583778.0,21671.04
2024-07-26,1203.8,1209.44,1193.77,1200.07,965310713,25595.6,14.69,1.02,0.09,870170662.0,22099.87
2024-07-29,1200.13,1210.06,1192.34,1201.88,962484936,21727.62,14.77,1.81,0.15,875713260.0,22102.54
2024-07-30,1207.07,1209.69,1197.31,1202.52,1049579846,23278.04,14.8,0.64,0.05,886614817.0,22141.19
2024-07-31,1189.59,1199.12,1185.43,1190.96,791644490,21501.65,14.59,-11.56,-0.96,884473592.0,22191.35
2024-08-01,1196.13,1200.47,1180.56,1187.98,781287665,17404.68,14.32,-2.98,-0.25,883346114.0,21994.42
2024-08-02,1203.4,1208.49,1200.82,1204.33,823114574,20723.53,14.83,16.35,1.38,872275033.0,21620.04
2024-08-05,1197.96,1205.42,1190.9,1198.15,835766048,22090.49,14.42,-6.18,-0.51,879529062.0,21805.42
2024-08-06,1191.27,1195.51,1187.36,1191.17,1039544691,24134.91,14.5,-6.98,-0.58,887360714.0,21972.72
2024-08-07,1203.43,1211.88,1197.03,1204.49,793148131,21517.36,14.68,13.32,1.12,885738726.0,21965.0
2024-08-08,1196.0,1200.88,1190.73,1195.41,942254952,22842.72,14.51,-9.08,-0.75,891725417.0,22198.03
2024-08-09,1201.2,1206.26,1195.33,1201.33,918455615,22315.87,14.71,5.92,0.5,894482546.0,22135.91
2024-08-12,1194.67,1198.66,1188.76,1194.22,929783823,23271.23,14.47,-7.11,-0.59,901465081.0,22246.04
2024-08-13,1206.82,1213.46,1198.13,1205.75,838387575,18932.73,14.65,11.53,0.97,895440757.0,21876.83
2024-08-14,1204.05,1208.9,1196.93,1203.5,935680574,21520.45,14.62,-2.25,-0.19,900829870.0,21852.16
2024-08-15,1192.0,1196.55,1188.25,1191.08,828345552,20512.61,14.56,-12.42,-1.03,896047161.0,21823.15
2024-08-16,1204.63,1209.49,1191.36,1198.02,1059494653,25658.48,14.84,6.94,0.58,895595675.0,21709.97
2024-08-19,1194.41,1204.54,1185.89,1195.7,1012010969,23079.31,14.67,-2.32,-0.19,904656780.0,21858.13
2024-08-20,1197.74,1209.18,1188.04,1199.69,1008491743,23579.98,14.62,3.99,0.33,913961168.0,22089.38
2024-08-21,1183.12,1194.53,1175.97,1185.36,804166992,17865.36,14.52,-14.33,-1.19,907027849.0,21807.74
2024-08-22,1195.9,1198.18,1187.85,1194.96,1069686599,25567.58,14.47,9.6,0.81,919432007.0,22156.01
2024-08-23,1195.23,1206.85,1186.1,1196.91,891773919,24476.37,14.74,1.95,0.16,915755167.0,22100.05
2024-08-26,1180.51,1183.44,1175.87,1179.73,982834530,22826.06,14.14,-17.18,-1.44,916772647.0,22154.97
2024-08-27,1181.02,1188.58,1177.84,1182.94,922095419,24126.68,14.18,3.21,0.27,910398426.0,22197.4
2024-08-28,1172.71,1184.15,1168.69,1177.57,854142540,19889.54,14.32,-5.37,-0.45,913523328.0,22116.8
2024-08-29,1185.84,1192.29,1183.32,1187.99,982428168,26619.43,14.4,10.42,0.88,923580353.0,22577.53
2024-08-30,1194.12,1197.82,1189.69,1193.73,912591200,23004.5,14.54,5.74,0.48,928054185.0,22691.58
2024-09-02,1196.99,1202.34,1195.44,1198.27,800744762,21905.1,14.86,4.54,0.38,926303120.0,22682.31
2024-09-03,1186.43,1195.48,1181.28,1189.57,917639039,22963.25,14.6,-8.7,-0.73,920207838.0,22623.73
2024-09-04,1199.68,1202.19,1194.25,1198.78,877899348,23260.1,14.53,9.21,0.77,924445399.0,22710.87
2024-09-05,1177.7,1187.46,1171.12,1180.64,986023598,21970.69,14.21,-18.14,-1.51,926633831.0,22667.27
2024-09-06,1178.13,1185.1,1172.72,1178.63,829964103,20870.26,14.31,-2.01,-0.17,922209255.0,22594.99
2024-09-09,1186.91,1199.29,1181.87,1188.48,861373791,20885.3,14.26,9.85,0.84,918788754.0,22475.69
2024-09-10,1190.48,1196.44,1185.89,1191.1,846952288,21621.23,14.6,2.62,0.22,919216989.0,22610.11
2024-09-11,1186.97,1195.23,1181.95,1188.61,881618057,20561.91,14.25,-2.49,-0.21,916513864.0,22562.19
2024-09-12,1180.65,1186.52,1167.31,1176.44,827205246,21555.92,14.2,-12.17,-1.02,916456848.0,22614.35
2024-09-13,1186.41,1194.97,1183.57,1188.37,960082324,24172.89,14.63,11.93,1.01,911486232.0,22540.07
2024-09-16,1181.75,1189.08,1171.96,1181.17,784847193,18692.36,14.05,-7.2,-0.61,900128043.0,22320.73
2024-09-17,1198.82,1202.38,1187.52,1193.13,977704853,24500.35,14.62,11.96,1.01,898588698.0,22366.74
2024-09-18,1184.18,1197.0,1180.48,1191.46,822916274,21568.22,14.41,-1.67,-0.14,899526163.0,22551.89
2024-09-19,1183.03,1190.27,1180.28,1183.79,858327800,22076.76,14.52,-7.67,-0.64,888958223.0,22377.35
2024-09-20,1187.07,1194.64,1178.0,1186.55,757360472,19863.44,14.35,2.76,0.23,882237550.0,22146.7
2024-09-23,1185.07,1189.09,1179.63,1183.5,820391496,18319.09,14.48,-3.05,-0.26,874115399.0,21921.35
2024-09-24,1186.66,1194.27,1184.43,1189.74,812309490,20008.73,14.67,6.24,0.53,868626102.0,21715.45
2024-09-25,1190.3,1204.74,1186.5,1196.13,860072274,19053.34,14.55,6.39,0.54,868922589.0,21673.64
2024-09-26,1181.43,1192.12,1176.75,1184.8,950242505,25950.33,14.21,-11.33,-0.95,867313306.0,21640.19
2024-09-27,1194.85,1198.78,1190.27,1194.09,802392697,18049.28,14.56,9.29,0.78,861803380.0,21392.43
2024-09-30,1185.65,1194.87,1178.28,1188.25,894009411,21110.64,14.35,-5.84,-0.49,866466613.0,21352.7
2024-10-01,1189.56,1195.15,1177.92,1187.08,947628255,25777.94,14.61,-1.17,-0.1,867966074.0,21493.44
2024-10-02,1189.77,1194.94,1187.21,1191.63,942218507,23804.24,14.73,4.55,0.38,871182032.0,21520.65
2024-10-03,1187.73,1190.48,1183.61,1186.52,683801827,15549.77,14.53,-5.11,-0.43,856070943.0,21199.6
2024-10-04,1190.68,1194.83,1184.71,1189.9,818169030,21279.89,14.36,3.38,0.28,855481190.0,21220.08
2024-10-07,1188.44,1192.79,1181.13,1186.56,725547343,16013.51,14.32,-3.34,-0.28,848689867.0,20976.49
2024-10-08,1206.53,1215.12,1196.47,1206.09,754249385,18870.41,14.77,19.53,1.65,844054722.0,20838.95
2024-10-09,1193.74,1201.56,1189.64,1195.1,794310900,17897.05,14.48,-10.99,-0.91,839689364.0,20705.71
2024-10-10,1192.45,1197.51,1186.98,1191.3,912780902,21722.52,14.56,-3.8,-0.32,843968147.0,20714.04
2024-10-11,1198.08,1202.45,1191.26,1197.42,740854280,18875.62,14.56,6.12,0.51,833006745.0,20449.17
2024-10-14,1197.06,1200.56,1191.35,1196.14,840352868,20798.54,14.65,-1.28,-0.11,835782028.0,20554.48
2024-10-15,1193.14,1205.44,1189.76,1196.19,754529581,19160.59,14.33,0.05,0.0,824623265.0,20287.5
2024-10-16,1206.02,1209.08,1195.29,1201.93,780436354,19683.07,14.55,5.74,0.48,822499269.0,20193.24
2024-10-17,1201.38,1208.41,1198.87,1203.56,872604652,20319.1,15.06,1.63,0.14,823213111.0,20105.36
2024-10-18,1198.94,1206.35,1191.56,1196.62,684177639,16210.04,14.73,-6.94,-0.58,819553970.0,19922.69
2024-10-21,1198.41,1207.16,1187.72,1197.18,700739768,17886.6,14.82,0.56,0.05,813571383.0,19901.06
2024-10-22,1198.96,1204.84,1192.23,1199.83,814743285,18018.16,14.62,2.65,0.22,813693073.0,19801.53
2024-10-23,1188.29,1192.18,1181.91,1188.55,849489464,20538.66,14.29,-11.28,-0.94,813163933.0,19875.8
2024-10-24,1198.61,1202.54,1186.12,1194.19,703374821,17735.59,14.51,5.64,0.47,800820548.0,19465.06
2024-10-25,1212.12,1221.64,1205.67,1212.42,638210377,16350.67,14.88,18.23,1.53,792611432.0,19380.13
2024-10-28,1214.3,1225.06,1205.84,1215.06,588107230,15072.19,14.72,2.64,0.22,777316323.0,19078.21
2024-10-29,1208.29,1211.84,1200.45,1204.7,738793762,20132.21,14.82,-10.36,-0.85,766874599.0,18795.92
2024-10-30,1210.91,1214.94,1206.01,1210.68,583779697,13250.36,14.69,5.98,0.5,748952658.0,18268.23
2024-10-31,1206.78,1214.62,1203.0,1210.14,718291614,18153.93,14.73,-0.54,-0.04,750677148.0,18398.44
2024-11-01,1232.03,1237.89,1219.48,1227.84,640009203,16072.03,15.16,17.7,1.46,741769156.0,18138.04
2024-11-04,1213.89,1226.16,1208.97,1217.19,681099450,17215.63,14.79,-10.65,-0.87,739546762.0,18198.15
2024-11-05,1211.62,1215.97,1206.27,1210.85,874135316,23214.93,14.79,-6.34,-0.52,745541058.0,18415.37
2024-11-06,1200.47,1214.38,1195.2,1207.05,730834273,16240.29,14.66,-3.8,-0.31,742367227.0,18332.54
2024-11-07,1207.53,1210.57,1197.81,1204.34,661989917,17511.76,15.04,-2.71,-0.22,729827678.0,18122.0
2024-11-08,1207.71,1222.77,1202.64,1216.42,626392972,14236.03,15.07,12.08,1.0,724104612.0,17890.02
2024-11-11,1209.1,1219.01,1206.1,1211.91,734727179,17712.57,14.9,-4.51,-0.37,718823328.0,17735.72
2024-11-12,1211.4,1213.77,1206.06,1209.19,687510085,16460.41,15.0,-2.72,-0.22,715472353.0,17600.71
2024-11-13,1215.84,1224.5,1203.93,1215.15,692839227,16820.6,15.13,5.96,0.49,711092497.0,17457.59
2024-11-14,1210.03,1224.28,1202.94,1213.86,737927579,16984.59,15.19,-1.29,-0.11,704358643.0,17290.86
2024-11-15,1231.71,1235.79,1227.4,1231.82,699614758,15699.76,15.04,17.96,1.48,705130499.0,17265.35
2024-11-18,1226.6,1233.11,1223.51,1228.36,595330650,14399.78,15.13,-3.46,-0.28,699860043.0,17091.01
2024-11-19,1227.35,1231.24,1218.13,1224.42,634426055,14173.86,14.91,-3.94,-0.32,690844181.0,16898.79
2024-11-20,1236.58,1238.74,1230.82,1234.77,671338481,14949.25,15.27,10.35,0.85,681936632.0,16619.32
2024-11-21,1227.73,1230.37,1224.81,1227.8,589432794,16034.25,15.16,-6.97,-0.56,676239531.0,16534.25
2024-11-22,1221.63,1231.46,1217.38,1223.64,486309128,11656.72,15.09,-4.16,-0.34,668644468.0,16299.56
2024-11-25,1232.87,1251.22,1225.54,1239.43,690629035,15485.4,15.03,15.79,1.29,673770559.0,16320.22
2024-11-26,1234.68,1238.75,1231.4,1235.04,400000000,8852.81,15.22,-4.39,-0.35,656830871.0,15756.25
2024-11-27,1229.51,1231.35,1223.21,1227.11,725455847,17218.33,15.23,-7.93,-0.64,663914678.0,15954.65
2024-11-28,1232.33,1238.57,1229.56,1233.74,648260609,16211.77,15.4,6.63,0.54,660413128.0,15857.54
2024-11-29,1231.63,1240.01,1226.74,1231.2,688780857,18913.12,15.11,-2.54,-0.21,662851711.0,15999.59
2024-12-02,1227.75,1236.15,1223.52,1229.75,468047659,12815.24,14.92,-1.45,-0.12,652199121.0,15779.57
2024-12-03,1247.35,1250.8,1241.25,1245.21,723273772,19224.16,15.18,15.46,1.26,644656044.0,15580.03
2024-12-04,1257.55,1264.28,1246.79,1252.74,562556617,14073.61,15.41,7.53,0.6,636242161.0,15471.7
2024-12-05,1230.19,1240.75,1226.06,1234.53,501765569,11405.91,15.5,-18.21,-1.45,628230944.0,15166.41
2024-12-06,1250.9,1253.86,1242.29,1247.96,685103703,16895.28,15.32,13.43,1.09,631166480.0,15299.37
2024-12-09,1242.35,1247.92,1235.67,1242.36,564212095,14130.18,15.21,-5.6,-0.45,622640726.0,15120.25
2024-12-10,1239.43,1250.72,1236.34,1245.03,665888536,16714.74,15.35,2.67,0.21,621559649.0,15132.97
2024-12-11,1248.35,1251.98,1240.72,1246.1,621708352,15346.86,15.68,1.07,0.09,618003105.0,15059.28
2024-12-12,1246.38,1249.63,1242.26,1246.2,416382526,9175.22,15.48,0.1,0.01,601925852.0,14668.81
2024-12-13,1248.32,1259.08,1245.38,1253.4,613057193,14075.33,15.6,7.2,0.58,597597974.0,14587.59
2024-12-16,1248.87,1254.41,1242.61,1249.87,606014914,16320.68,15.15,-3.53,-0.28,598132187.0,14683.64
2024-12-17,1257.15,1261.18,1252.29,1258.24,575667674,15229.8,15.81,8.37,0.67,595194268.0,14736.43
2024-12-18,1258.38,1265.63,1249.76,1258.09,510217705,11782.23,15.55,-0.15,-0.01,587138229.0,14578.08
2024-12-19,1258.75,1263.0,1253.5,1258.73,708110903,15896.14,15.49,0.64,0.05,593072135.0,14571.18
2024-12-20,1254.82,1259.41,1252.58,1256.51,495666465,13117.94,15.41,-2.22,-0.18,593540002.0,14644.24
2024-12-23,1261.62,1264.03,1256.52,1260.3,736402255,18886.25,15.48,3.79,0.3,595828663.0,14814.28
2024-12-24,1272.81,1280.9,1258.9,1270.1,603214956,13434.03,15.82,9.8,0.78,605989410.0,15043.34
2024-12-25,1269.86,1276.79,1266.41,1270.39,714604954,16660.92,15.88,0.29,0.02,605446866.0,15015.47
2024-12-26,1263.88,1273.74,1255.92,1263.34,594982356,14082.41,15.79,-7.05,-0.55,602782953.0,14909.0
2024-12-27,1277.69,1282.28,1261.49,1271.63,471150319,12105.92,15.86,8.29,0.66,591901426.0,14568.64
2024-12-30,1278.61,1286.32,1270.81,1277.37,495066991,12648.32,15.73,5.74,0.45,593252393.0,14560.3
2024-12-31,1262.08,1271.5,1256.74,1264.69,598013046,16146.88,15.69,-12.68,-0.99,586989356.0,14406.43
2025-01-01,1282.54,1286.85,1272.11,1279.81,430117239,9610.27,15.87,15.12,1.2,580367388.0,14183.27
2025-01-02,1272.93,1279.11,1268.98,1274.41,572161015,13539.37,15.98,-5.4,-0.42,583887160.0,14289.94
2025-01-03,1279.06,1295.63,1272.36,1283.66,578903371,14909.06,16.13,9.25,0.73,578577143.0,14190.63
2025-01-06,1277.27,1283.13,1271.26,1277.51,524717388,13859.45,15.89,-6.15,-0.48,576602408.0,14177.09
2025-01-07,1268.16,1279.89,1260.43,1273.11,651118627,17232.31,16.04,-4.4,-0.34,575863912.0,14202.97
2025-01-08,1269.2,1284.59,1263.25,1276.02,638802452,16434.78,16.11,2.91,0.23,576718617.0,14257.37
2025-01-09,1286.53,1294.42,1284.15,1287.92,541933778,14453.4,16.45,11.9,0.93,582996180.0,14521.27
2025-01-10,1289.85,1295.5,1283.5,1291.04,608478675,15097.04,16.11,3.12,0.24,582767254.0,14572.36
2025-01-13,1288.15,1293.24,1276.41,1285.9,514995315,13705.93,16.2,-5.14,-0.4,578216274.0,14441.62
2025-01-14,1301.77,1306.26,1289.79,1296.99,519119768,12584.91,16.39,11.09,0.86,575388879.0,14309.38
2025-01-15,1283.73,1291.28,1272.04,1285.03,456649248,10671.14,16.25,-11.96,-0.92,572710456.0,14253.82
